Tipo,Massa_Solar,Luminosidade_Solar,Temp_Superficie_K,Tempo_Vida_Anos,Cor,t1_quantum,t2_relational,t3_cosmological,habitability_index
O,60.0,1000000.0,45000,3000000.0,azul,1673.128805561604,0.16666665460293797,0.5397601045599719,0.0
B,18.0,20000.0,20000,10000000.0,azul-branco,24.743080487279673,0.23250127351665462,0.5833333333333334,0.0
A,3.2,80.0,8500,300000000.0,branco,0.0586171803893705,0.5239758185723462,0.7064267712266386,0.32943480434706907
F,1.7,6.0,6500,3000000000.0,amarelo-branco,0.006405768283352122,1.1832946624549383,0.7897601045599719,0.7865346072397845
G,1.0,1.0,5500,10000000000.0,amarelo,0.001,3.321928094887362,0.8333333333333334,2.3150280614367116
K,0.8,0.4,4000,50000000000.0,laranja,0.000457946721791957,6.843313778623004,0.8915808336946682,5.099089667761843
M,0.3,0.04,3000,1000000000000.0,vermelho,1.4788509052639483e-05,58.70839431183071,1.0,49.03824314229166
